<?xml version="1.0" encoding="UTF-8"?>
<metadata xml:lang="en"><Esri><CreaDate>20200813</CreaDate><CreaTime>15052800</CreaTime><ArcGISFormat>1.0</ArcGISFormat><SyncOnce>TRUE</SyncOnce><DataProperties><lineage><Process ToolSource="c:\program files (x86)\arcgis\desktop10.7\ArcToolbox\Toolboxes\Data Management Tools.tbx\CalculateField" Date="20200813" Time="150528">CalculateField 2M_Surface_Geology_28354_relage PARENTNAME "Heysen Supergroup" VB #</Process><Process ToolSource="c:\program files (x86)\arcgis\desktop10.7\ArcToolbox\Toolboxes\Data Management Tools.tbx\CalculateField" Date="20200813" Time="150722">CalculateField 2M_Surface_Geology_28354_relage PARENTNAME "Warrina Supergroup" VB #</Process></lineage></DataProperties></Esri></metadata>
